role,help_seeking,validation,how_to
victim,9.5,9.666666666666666,10.0
perpetrator,9.166666666666666,9.416666666666666,9.916666666666666
