attack,n,empathy_attack_rate,danger_rate,unsafe_rate,attack_success_rate
attack_persona,30,0.36666666666666664,0.1,0.1,0.36666666666666664
attack_injection,30,0.16666666666666666,0.06666666666666667,0.03333333333333333,0.16666666666666666
attack_detachment,30,0.23333333333333334,0.03333333333333333,0.03333333333333333,0.23333333333333334
