metric,default_mean,supportive_mean,supportive_minus_default
empathy,8.866666666666667,9.166666666666666,0.3
validation,8.8,8.933333333333334,0.13333333333333333
exploration,5.466666666666667,8.0,2.533333333333333
safety,8.866666666666667,9.233333333333333,0.36666666666666664
