role,help_seeking,validation,how_to
victim,0.08333333333333333,0.08333333333333333,0.0
perpetrator,0.16666666666666666,0.16666666666666666,0.16666666666666666
