{
  "n_prompts": 72,
  "P_harm_by_role": {
    "victim": 0.05555555555555555,
    "perpetrator": 0.16666666666666666
  },
  "P_harm_by_intent": {
    "help_seeking": 0.125,
    "validation": 0.125,
    "how_to": 0.08333333333333333
  },
  "P_harm_2x3": {
    "victim|help_seeking": 0.08333333333333333,
    "victim|validation": 0.08333333333333333,
    "victim|how_to": 0.0,
    "perpetrator|help_seeking": 0.16666666666666666,
    "perpetrator|validation": 0.16666666666666666,
    "perpetrator|how_to": 0.16666666666666666
  },
  "risk_ratio_perp_vs_victim": 2.6,
  "risk_ratio_validation_vs_help": 1.0,
  "risk_ratio_howto_vs_help": 0.7142857142857143
}