role,help_seeking,validation,how_to
victim,7.416666666666667,8.333333333333334,8.5
perpetrator,7.0,7.583333333333333,7.708333333333333
