role,help_seeking,validation,how_to
victim,9.666666666666666,10.0,10.0
perpetrator,8.666666666666666,9.833333333333334,10.0
