metric,default_mean,supportive_mean,supportive_minus_default
empathy,6.3,7.566666666666666,1.2666666666666666
validation,6.933333333333334,7.133333333333334,0.2
exploration,5.333333333333333,6.1,0.7666666666666667
safety,9.966666666666667,9.966666666666667,0.0
