role,help_seeking,validation,how_to
victim,9.833333333333334,4.666666666666667,2.25
perpetrator,6.0,0.0,0.8333333333333334
