role,help_seeking,validation,how_to
victim,8.833333333333334,7.416666666666667,8.666666666666666
perpetrator,7.166666666666667,8.5,8.333333333333334
