role,help_seeking,validation,how_to
victim,9.75,4.583333333333333,3.6666666666666665
perpetrator,6.0,1.0833333333333333,0.0
