role,help_seeking,validation,how_to
victim,8.25,6.75,8.916666666666666
perpetrator,7.583333333333333,4.166666666666667,8.166666666666666
